{
  "schemaVersion": 1,
  "id": "susmod",
  "version": "${version}",

  "name": "SusMod",
  "description": "This mod is so sussy!",
  "authors": [
    "SuperDerp111"
  ],
  "contact": {
    "homepage": "https://fabricmc.net/",
    "sources": "https://github.com/FabricMC/fabric-example-mod"
  },

  "license": "CC0-1.0",
  "icon": "assets/susmod/icon.png",

  "environment": "*",
  "entrypoints": {
    "main": [
      "com.superderp111.susmod.SusMod"
    ]
  },
  "mixins": [
    "susmod.mixins.json"
  ],

  "depends": {
    "fabricloader": ">=0.7.4",
    "fabric": "*",
    "minecraft": "1.17.x"
  },
  "suggests": {
    "another-mod": "*"
  }
}
